time,ax (m/s^2),ay (m/s^2),az (m/s^2),aT (m/s^2)
0.007081,-0.0005,-0.0003,-0.0027,0.003
0.043319,-0.0003,0.0003,0.0021,0.002
0.044110,-0.0005,-0.0004,-0.0075,0.008
0.044480,-0.0005,-0.0004,-0.0075,0.008
0.060509,0.0042,-0.0004,-0.0075,0.009
0.076630,-0.0006,-0.0051,-0.0075,0.009
0.093451,-0.0007,-0.0003,-0.0123,0.012
0.110468,-0.0007,-0.0004,-0.0123,0.012
0.127730,-0.0006,0.0044,-0.0027,0.005
0.145456,-0.0007,-0.0004,-0.0075,0.008
0.160384,-0.0006,0.0045,-0.0123,0.013
0.177038,0.0042,-0.0050,-0.0027,0.007
0.193770,0.0042,-0.0003,-0.0075,0.009
0.210531,-0.0055,-0.0003,-0.0075,0.009
0.228726,-0.0007,-0.0002,-0.0027,0.003
0.246358,-0.0007,0.0045,-0.0027,0.005
0.260690,-0.0007,-0.0003,-0.0123,0.012
0.277072,0.0042,-0.0002,-0.0075,0.009
0.294483,-0.0008,-0.0049,-0.0075,0.009
0.311762,-0.0007,-0.0002,-0.0075,0.008
0.327364,-0.0007,0.0045,-0.0075,0.009
0.344579,-0.0006,0.0045,-0.0123,0.013
0.361612,-0.0007,0.0046,-0.0075,0.009
0.378491,0.0042,-0.0002,-0.0075,0.009
0.394948,-0.0006,-0.0003,-0.0123,0.012
0.411886,0.0042,-0.0004,-0.0027,0.005
0.428040,-0.0005,-0.0004,-0.0027,0.003
0.445059,-0.0006,-0.0052,-0.0075,0.009
0.461613,-0.0006,-0.0053,-0.0027,0.006
0.478035,0.0042,-0.0005,-0.0075,0.009
0.494921,0.0042,0.0043,-0.0027,0.007
0.511408,-0.0006,-0.0052,-0.0075,0.009
0.530276,-0.0006,-0.0002,-0.0027,0.003
0.545667,0.0041,0.0046,-0.0027,0.007
0.562418,-0.0007,-0.0050,-0.0171,0.018
0.578754,-0.0007,-0.0002,-0.0027,0.003
0.595800,-0.0008,-0.0002,-0.0027,0.003
0.612490,-0.0007,0.0046,-0.0027,0.005
0.631381,-0.0007,-0.0002,-0.0123,0.012
0.645944,-0.0056,-0.0002,-0.0075,0.009
0.663022,-0.0008,-0.0049,-0.0027,0.006
0.679370,-0.0009,-0.0097,-0.0075,0.012
0.696164,-0.0010,-0.0050,-0.0075,0.009
0.714421,-0.0058,0.0046,-0.0075,0.011
0.729371,-0.0009,-0.0003,-0.0027,0.003
0.745759,-0.0009,0.0044,-0.0027,0.005
0.763837,-0.0009,-0.0005,-0.0075,0.008
0.779333,-0.0010,-0.0052,-0.0075,0.009
0.796654,-0.0009,-0.0005,-0.0027,0.003
0.813251,-0.0010,-0.0051,-0.0075,0.009
0.829627,-0.0011,-0.0004,-0.0075,0.008
0.846126,-0.0013,-0.0005,-0.0123,0.012
0.864455,-0.0014,-0.0052,-0.0027,0.006
0.879695,-0.0014,-0.0051,-0.0075,0.009
0.896537,0.0082,-0.0004,-0.0027,0.009
0.913359,-0.0013,0.0044,-0.0027,0.005
0.929870,0.0035,-0.0004,-0.0027,0.004
0.947127,-0.0013,-0.0005,-0.0075,0.008
0.964471,-0.0012,-0.0053,-0.0027,0.006
0.980292,-0.0013,-0.0053,-0.0123,0.013
0.996750,-0.0014,0.0001,0.0021,0.002
1.014143,-0.0014,-0.0052,-0.0027,0.006
1.030256,-0.0014,-0.0004,-0.0075,0.008
1.049480,-0.0013,-0.0052,-0.0027,0.006
1.064731,-0.0061,-0.0005,-0.0075,0.010
1.081215,-0.0013,-0.0054,-0.0123,0.013
1.098106,-0.0013,-0.0005,-0.0075,0.008
1.113805,-0.0013,-0.0046,-0.0027,0.006
1.130778,-0.0013,0.0001,-0.0027,0.003
1.147666,-0.0012,0.0049,-0.0081,0.010
1.165035,-0.0012,0.0000,-0.0027,0.003
1.181929,0.0037,-0.0049,-0.0075,0.010
1.198669,-0.0012,-0.0002,-0.0027,0.003
1.214490,-0.0012,-0.0056,-0.0123,0.014
1.231290,-0.0013,-0.0002,-0.0027,0.003
1.248115,-0.0013,-0.0001,-0.0075,0.008
1.265479,-0.0061,-0.0007,-0.0075,0.010
1.281827,-0.0014,-0.0006,-0.0075,0.008
1.298285,-0.0061,-0.0100,-0.0075,0.014
1.314894,-0.0014,-0.0047,-0.0027,0.006
1.332741,-0.0015,0.0001,-0.0075,0.008
1.348465,-0.0015,-0.0006,-0.0123,0.012
1.366295,-0.0016,0.0049,0.0015,0.005
1.381601,0.0032,-0.0047,-0.0027,0.006
1.399112,-0.0017,-0.0004,-0.0075,0.008
1.414584,0.0031,-0.0005,-0.0075,0.008
1.432006,-0.0017,0.0001,-0.0027,0.003
1.448272,-0.0018,0.0001,-0.0027,0.003
1.465537,-0.0018,0.0050,-0.0033,0.006
1.481732,-0.0018,0.0003,-0.0033,0.004
1.498337,0.0030,0.0005,-0.0033,0.004
1.515691,-0.0018,-0.0043,-0.0075,0.009
1.532457,-0.0065,-0.0043,-0.0027,0.008
1.549177,-0.0066,0.0005,0.0015,0.007
1.566180,-0.0019,-0.0043,-0.0075,0.009
1.582376,-0.0018,0.0004,-0.0033,0.004
1.599691,-0.0018,-0.0043,-0.0027,0.005
1.616146,-0.0019,-0.0044,-0.0075,0.009
1.632723,-0.0020,0.0003,-0.0081,0.008
1.649321,-0.0021,-0.0044,-0.0027,0.006
1.666393,-0.0022,-0.0042,-0.0075,0.009
1.682834,-0.0022,0.0006,-0.0033,0.004
1.700699,-0.0021,-0.0042,0.0062,0.008
1.716267,-0.0022,-0.0042,-0.0033,0.006
1.733739,-0.0023,-0.0049,-0.0123,0.013
1.749780,0.0025,0.0046,-0.0129,0.014
1.766906,-0.0069,0.0054,-0.0033,0.009
1.783282,0.0028,0.0005,-0.0075,0.008
1.800364,-0.0021,-0.0044,-0.0027,0.006
1.817395,0.0028,-0.0044,-0.0075,0.009
1.834644,-0.0020,0.0003,-0.0081,0.008
1.851741,-0.0020,0.0003,-0.0033,0.004
1.867402,-0.0020,-0.0045,-0.0081,0.009
1.883518,-0.0068,-0.0043,-0.0081,0.011
1.900383,-0.0021,-0.0044,-0.0129,0.014
1.916703,0.0027,0.0004,-0.0033,0.004
1.933530,-0.0021,0.0003,-0.0033,0.004
1.951517,-0.0021,-0.0043,-0.0075,0.009
1.967399,-0.0023,0.0005,-0.0081,0.008
1.984250,-0.0023,0.0005,-0.0081,0.008
2.001370,-0.0024,0.0005,0.0015,0.003
2.018256,-0.0024,0.0005,-0.0033,0.004
2.034997,-0.0023,0.0005,-0.0081,0.008
2.051380,-0.0071,0.0006,-0.0081,0.011
2.068069,-0.0024,0.0006,-0.0075,0.008
2.084513,-0.0025,-0.0042,-0.0075,0.009
2.101352,0.0024,0.0004,-0.0075,0.008
2.118738,-0.0073,0.0052,0.0015,0.009
2.135409,0.0023,0.0052,-0.0081,0.010
2.153931,-0.0024,0.0004,-0.0033,0.004
2.168868,-0.0024,-0.0045,-0.0075,0.009
2.184804,-0.0025,0.0002,-0.0033,0.004
2.203876,-0.0025,-0.0045,-0.0075,0.009
2.219069,-0.0024,0.0003,-0.0033,0.004
2.236688,-0.0071,-0.0045,-0.0027,0.009
2.253130,-0.0072,0.0003,-0.0075,0.010
2.269600,-0.0072,0.0002,-0.0129,0.015
2.285491,-0.0024,0.0002,-0.0081,0.008
2.302505,-0.0024,0.0002,-0.0033,0.004
2.318946,-0.0024,0.0001,-0.0081,0.008
2.336143,-0.0025,-0.0046,-0.0033,0.006
2.352182,0.0023,0.0003,-0.0033,0.004
2.369599,0.0022,0.0050,-0.0081,0.010
2.385857,-0.0026,-0.0045,-0.0033,0.006
2.402204,-0.0074,-0.0046,-0.0033,0.009
2.418613,0.0021,-0.0045,-0.0081,0.010
2.435592,-0.0074,0.0002,-0.0033,0.008
2.453073,-0.0026,0.0002,-0.0081,0.009
2.469523,-0.0027,0.0002,-0.0081,0.009
2.485912,-0.0027,0.0002,-0.0129,0.013
2.503308,-0.0026,-0.0046,-0.0081,0.010
2.519760,-0.0026,-0.0094,-0.0033,0.010
2.537655,-0.0025,-0.0046,0.0015,0.005
2.553461,-0.0025,0.0003,-0.0033,0.004
2.570356,-0.0024,0.0003,-0.0081,0.008
2.586440,-0.0025,0.0050,-0.0033,0.007
2.603478,0.0025,0.0001,-0.0033,0.004
2.620919,0.0023,-0.0000,-0.0033,0.004
2.637504,-0.0025,-0.0001,-0.0033,0.004
2.657568,0.0023,-0.0050,-0.0033,0.006
2.670171,-0.0025,-0.0050,-0.0081,0.010
2.687394,-0.0024,-0.0003,0.0015,0.003
2.703983,-0.0026,-0.0001,-0.0033,0.004
2.720295,0.0022,-0.0001,-0.0033,0.004
2.737276,0.0022,-0.0049,-0.0081,0.010
2.754194,0.0022,-0.0001,-0.0081,0.008
2.770887,0.0022,-0.0049,-0.0081,0.010
2.787384,-0.0027,-0.0001,-0.0033,0.004
2.804186,-0.0027,-0.0000,-0.0033,0.004
2.820859,-0.0028,-0.0001,-0.0081,0.009
2.837524,0.0020,-0.0001,0.0015,0.003
2.854201,-0.0028,-0.0048,-0.0129,0.014
2.871427,0.0020,-0.0002,-0.0081,0.008
2.887223,-0.0027,-0.0003,-0.0081,0.009
2.904049,-0.0074,-0.0004,-0.0081,0.011
2.920559,-0.0025,-0.0052,-0.0075,0.009
2.937508,-0.0026,-0.0006,-0.0081,0.009
2.954289,-0.0025,-0.0005,-0.0033,0.004
2.971380,-0.0026,-0.0006,-0.0081,0.009
2.988826,-0.0026,-0.0055,-0.0033,0.007
3.005208,-0.0026,-0.0007,-0.0033,0.004
3.021640,-0.0075,-0.0008,-0.0033,0.008
3.040317,-0.0074,0.0040,-0.0081,0.012
3.054901,-0.0073,-0.0008,-0.0129,0.015
3.072464,-0.0075,0.0039,-0.0081,0.012
3.088677,-0.0026,0.0039,-0.0033,0.006
3.106121,-0.0026,-0.0055,-0.0081,0.010
3.122021,0.0023,-0.0008,-0.0081,0.008
3.139232,-0.0024,-0.0008,-0.0033,0.004
3.156155,-0.0024,-0.0056,-0.0033,0.007
3.172933,-0.0072,-0.0008,-0.0081,0.011
3.189274,-0.0071,0.0039,-0.0081,0.011
3.206273,-0.0070,-0.0107,-0.0081,0.015
3.222447,-0.0022,-0.0010,-0.0081,0.008
3.239592,0.0026,-0.0057,-0.0081,0.010
3.255653,-0.0023,-0.0057,-0.0033,0.007
3.272756,-0.0023,-0.0009,-0.0129,0.013
3.289093,-0.0023,-0.0009,-0.0033,0.004
3.305972,0.0025,-0.0009,-0.0081,0.009
3.322388,-0.0023,-0.0058,-0.0081,0.010
3.340194,-0.0023,-0.0059,-0.0033,0.007
3.356426,-0.0024,-0.0012,-0.0081,0.009
3.373564,-0.0071,-0.0012,-0.0081,0.011
3.389403,-0.0072,-0.0012,-0.0033,0.008
3.406978,-0.0072,-0.0059,-0.0129,0.016
3.423029,-0.0072,-0.0013,-0.0129,0.015
3.439338,-0.0072,-0.0013,-0.0081,0.011
3.456290,-0.0023,-0.0061,-0.0081,0.010
3.473239,-0.0023,-0.0014,-0.0081,0.009
3.490777,-0.0024,-0.0014,-0.0033,0.004
3.507915,0.0024,-0.0062,-0.0081,0.010
3.523774,-0.0071,-0.0015,-0.0081,0.011
3.540283,-0.0023,-0.0015,-0.0033,0.004
3.557369,0.0025,-0.0062,-0.0081,0.010
3.573890,0.0024,-0.0014,-0.0129,0.013
3.590274,0.0024,-0.0063,-0.0081,0.011
3.607494,-0.0018,-0.0065,-0.0033,0.007
3.624473,-0.0019,-0.0065,-0.0081,0.011
3.641272,-0.0020,-0.0016,-0.0081,0.008
3.657912,-0.0019,-0.0065,0.0015,0.007
3.674701,-0.0025,-0.0018,-0.0081,0.009
3.690719,-0.0026,-0.0017,-0.0081,0.009
3.708171,-0.0026,-0.0017,-0.0081,0.009
3.724751,-0.0026,0.0079,-0.0033,0.009
3.741325,-0.0027,0.0030,-0.0081,0.009
3.758362,-0.0027,-0.0017,-0.0081,0.009
3.774853,-0.0026,-0.0017,-0.0081,0.009
3.791810,-0.0074,0.0031,-0.0081,0.011
3.808280,-0.0027,-0.0113,-0.0123,0.017
3.824795,-0.0027,-0.0018,-0.0081,0.009
3.841704,-0.0073,-0.0018,-0.0081,0.011
3.858369,0.0023,-0.0018,-0.0081,0.009
3.874555,0.0030,-0.0017,-0.0033,0.005
3.891387,-0.0019,-0.0018,-0.0081,0.008
3.908332,0.0030,-0.0019,-0.0033,0.005
3.925226,-0.0017,-0.0066,-0.0129,0.015
3.943917,0.0025,0.0029,-0.0081,0.009
3.958760,-0.0021,-0.0018,-0.0081,0.009
3.975626,-0.0022,-0.0065,-0.0129,0.015
3.992155,-0.0023,-0.0019,-0.0081,0.009
4.009175,0.0026,0.0028,-0.0033,0.005
4.025419,-0.0021,-0.0019,-0.0081,0.009
4.042290,-0.0021,0.0030,-0.0033,0.005
4.058964,-0.0020,-0.0066,-0.0033,0.008
4.076509,-0.0014,0.0030,-0.0129,0.013
4.092944,-0.0013,-0.0065,-0.0129,0.014
4.109738,-0.0013,-0.0064,-0.0033,0.007
4.126485,0.0034,-0.0016,-0.0129,0.013
4.143031,-0.0015,-0.0017,-0.0129,0.013
4.160241,0.0033,-0.0017,-0.0129,0.013
4.176905,0.0033,-0.0065,-0.0129,0.015
4.192687,-0.0013,-0.0018,-0.0081,0.008
4.209719,-0.0066,-0.0065,-0.0081,0.012
4.226273,-0.0019,-0.0065,-0.0033,0.008
4.243589,-0.0018,-0.0017,-0.0081,0.008
4.260111,-0.0019,0.0031,-0.0129,0.013
4.276575,-0.0012,-0.0017,-0.0081,0.008
4.293765,-0.0061,-0.0015,-0.0129,0.014
4.310497,0.0035,-0.0015,-0.0129,0.013
4.327048,-0.0060,-0.0016,-0.0033,0.007
4.343936,0.0035,-0.0016,-0.0033,0.005
4.360284,-0.0060,0.0033,-0.0129,0.015
4.376663,-0.0012,-0.0015,-0.0081,0.008
4.393949,-0.0059,-0.0014,-0.0033,0.007
4.410805,-0.0017,-0.0015,-0.0081,0.008
4.426831,-0.0017,-0.0063,-0.0081,0.010
4.443391,-0.0018,0.0033,-0.0081,0.009
4.460714,-0.0064,-0.0063,-0.0081,0.012
4.477212,-0.0016,-0.0064,-0.0081,0.010
4.493901,-0.0016,-0.0064,-0.0033,0.007
4.510709,-0.0016,-0.0017,-0.0081,0.008
4.527458,-0.0016,-0.0015,-0.0033,0.004
4.544449,-0.0010,-0.0015,-0.0033,0.004
4.560918,-0.0058,0.0034,-0.0081,0.011
4.577770,-0.0011,-0.0013,-0.0081,0.008
4.594400,-0.0011,0.0034,-0.0081,0.009
4.611386,-0.0011,-0.0013,-0.0033,0.004
4.627830,-0.0058,-0.0013,-0.0081,0.010
4.644770,-0.0011,-0.0012,-0.0081,0.008
4.662938,-0.0011,-0.0012,-0.0033,0.004
4.678742,-0.0010,-0.0059,-0.0081,0.010
4.695027,-0.0010,-0.0010,-0.0081,0.008
4.711593,-0.0009,-0.0009,-0.0033,0.004
4.727990,-0.0008,0.0038,-0.0081,0.009
4.745409,-0.0009,0.0037,-0.0081,0.009
4.761287,-0.0057,-0.0011,-0.0081,0.010
4.779158,-0.0057,0.0036,-0.0033,0.008
4.795075,-0.0055,-0.0012,-0.0033,0.007
4.814382,0.0040,-0.0060,-0.0081,0.011
4.828965,-0.0102,-0.0060,-0.0033,0.012
4.845932,-0.0053,-0.0060,-0.0033,0.009
4.861441,-0.0006,-0.0059,-0.0081,0.010
4.878611,0.0041,-0.0010,-0.0129,0.014
4.894903,0.0032,-0.0008,-0.0224,0.023
4.912522,-0.0032,0.0040,-0.0320,0.032
4.928621,-0.0007,-0.0005,0.0015,0.002
4.945592,-0.0071,0.0044,0.0015,0.008
4.963618,-0.0016,-0.0142,0.0350,0.038
4.979690,0.0043,-0.0054,-0.0081,0.011
4.995768,-0.0044,0.0040,-0.0224,0.023
5.013166,-0.0041,0.0041,-0.0129,0.014
5.029522,0.0006,-0.0007,-0.0129,0.013
5.046239,0.0006,0.0041,-0.0129,0.014
5.069505,-0.0043,-0.0055,-0.0081,0.011
5.080393,0.0006,-0.0055,-0.0033,0.006
5.096227,-0.0040,-0.0054,-0.0081,0.011
5.114690,0.0009,-0.0006,-0.0081,0.008
5.130742,0.0008,-0.0005,-0.0033,0.003
5.147188,0.0007,-0.0053,-0.0033,0.006
5.168217,0.0007,-0.0005,-0.0033,0.003
5.179835,-0.0041,-0.0005,-0.0033,0.005
5.196982,0.0007,-0.0006,-0.0081,0.008
5.213869,0.0008,-0.0005,-0.0081,0.008
5.231303,-0.0039,-0.0005,-0.0081,0.009
5.247850,-0.0087,-0.0053,-0.0033,0.011
5.267389,-0.0032,-0.0053,0.0015,0.006
5.280322,0.0023,-0.0054,-0.0081,0.010
5.296724,-0.0020,-0.0007,-0.0081,0.008
5.313982,-0.0013,-0.0008,-0.0033,0.004
5.331003,-0.0049,-0.0009,-0.0081,0.009
5.347935,0.0050,-0.0057,-0.0129,0.015
5.367210,0.0053,0.0039,-0.0033,0.007
5.381018,-0.0038,-0.0105,-0.0033,0.012
5.396957,0.0023,-0.0105,0.0110,0.015
5.413734,-0.0050,-0.0058,0.0063,0.010
5.430936,-0.0036,-0.0057,-0.0225,0.023
5.447515,-0.0035,-0.0008,-0.0081,0.009
5.465680,-0.0083,0.0041,-0.0081,0.012
5.481315,-0.0034,-0.0006,-0.0177,0.018
5.498804,0.0107,-0.0052,-0.0129,0.018
5.514752,0.0005,-0.0004,-0.0129,0.013
5.531935,-0.0097,0.0046,-0.0129,0.017
5.549513,-0.0006,-0.0042,0.0062,0.008
5.564953,-0.0003,-0.0137,0.0062,0.015
5.582545,-0.0097,-0.0095,-0.0081,0.016
5.598826,-0.0049,-0.0094,-0.0081,0.013
5.615603,-0.0049,-0.0047,-0.0081,0.011
5.631631,-0.0002,-0.0048,-0.0177,0.018
5.648395,-0.0051,-0.0001,-0.0033,0.006
5.664900,0.0043,0.0047,-0.0033,0.007
5.683181,-0.0009,0.0047,-0.0129,0.014
5.700751,-0.0058,0.0047,-0.0129,0.015
5.715594,0.0076,0.0144,-0.0273,0.032
5.732485,0.0060,0.0098,-0.0177,0.021
5.749769,-0.0049,-0.0131,0.0015,0.014
5.765668,-0.0103,-0.0177,0.0158,0.026
5.784781,-0.0104,-0.0034,0.0015,0.011
5.799397,-0.0103,0.0055,-0.0177,0.021
5.816079,-0.0016,0.0055,-0.0225,0.023
5.832741,-0.0267,-0.0042,-0.0177,0.032
5.849109,-0.0088,0.0005,-0.0033,0.009
5.866127,0.0139,-0.0187,-0.0033,0.024
5.882781,0.0184,-0.0086,0.0158,0.026
5.899062,0.0091,0.0004,0.0015,0.009
5.916408,0.0090,0.0052,-0.0129,0.017
5.932707,-0.0102,0.0100,-0.0129,0.019
5.950600,-0.0246,-0.0139,-0.0033,0.028
5.966990,-0.0096,-0.0093,0.0063,0.015
5.983323,0.0254,0.0006,0.0206,0.033
6.000250,0.0119,-0.0004,-0.0177,0.021
6.017049,0.0255,0.0137,-0.0081,0.030
6.033792,-0.0385,-0.0154,-0.0081,0.042
6.050139,-0.0218,-0.0160,-0.0129,0.030
6.071029,-0.0535,0.0078,0.0255,0.060
6.084429,-0.0264,0.0741,0.0584,0.098
6.100861,-0.0444,0.1832,0.0620,0.198
6.117484,0.1152,-0.0536,-0.0170,0.128
6.133546,0.1402,-0.1602,0.2032,0.294
6.151364,-0.0265,0.2904,0.2278,0.370
6.168576,0.3027,0.0975,0.5402,0.627
6.183898,0.3068,0.0461,0.5740,0.652
6.200784,0.1195,-0.5445,0.1116,0.569
6.218401,0.1961,-1.4803,-0.0942,1.496
6.233926,0.2250,-1.7565,0.1420,1.777
6.251247,-0.0063,-0.8276,0.6872,1.076
6.269303,-0.1605,-0.1240,1.3112,1.327
6.284979,0.0359,-0.4251,1.5051,1.564
6.301150,-0.0214,-1.0831,1.8694,2.161
6.318061,-0.5785,-0.6355,2.2852,2.441
6.335625,-0.6919,-0.1625,2.1721,2.285
6.351196,-0.4860,-0.1489,2.2401,2.297
6.367910,-0.0413,-0.4977,2.1683,2.225
6.384965,0.0339,-0.7114,2.4150,2.518
6.401347,-0.0770,-0.4006,2.7660,2.796
6.418405,-0.3368,0.2087,2.7954,2.823
6.435421,-0.2995,0.8554,2.4614,2.623
6.452147,0.0664,0.7657,2.1301,2.264
6.468404,0.2239,0.3690,1.6571,1.712
6.486575,0.1606,-0.1747,1.4137,1.434
6.502446,0.1675,-0.1815,1.1087,1.136
6.519968,0.1883,-0.0678,0.8547,0.878
6.536261,0.2606,0.0573,0.5148,0.580
6.552349,0.0500,0.3265,0.3543,0.484
6.568834,-0.0712,0.4608,0.2802,0.544
6.588258,-0.2048,0.4174,0.2085,0.510
6.601657,0.0222,0.0336,0.1644,0.169
6.618875,0.2306,-0.0496,0.2566,0.349
6.635393,0.2756,0.1838,0.3985,0.518
6.651974,0.1625,0.3940,0.4545,0.623
6.668488,0.0505,0.5398,0.7255,0.906
6.685688,-0.1865,1.1740,1.0202,1.567
6.704244,-0.2213,1.2852,0.8754,1.571
6.719994,0.1095,0.5302,0.4034,0.675
6.736251,0.2604,0.1587,0.0278,0.306
6.753191,0.0444,0.4997,-0.0998,0.512
6.769266,0.0157,0.8422,-0.2087,0.868
6.787450,-0.0902,0.8163,-0.1856,0.842
6.803486,-0.2872,0.6611,-0.1524,0.737
6.820869,-0.3774,0.5053,-0.0800,0.636
6.836219,-0.2332,0.6348,0.1047,0.684
6.853326,-0.0068,0.3543,-0.0743,0.362
6.870040,0.0162,-0.2982,-0.0405,0.301
6.886398,-0.0947,-0.2841,-0.3081,0.430
6.902749,-0.3324,0.2388,-0.3465,0.536
6.919693,-0.4193,0.7641,-0.4463,0.979
6.936731,-0.2220,0.4049,-0.4335,0.633
6.953761,-0.1276,-0.1732,-0.4096,0.463
6.971647,-0.2216,-0.2606,-0.2136,0.403
6.987192,-0.2307,-0.1232,-0.0432,0.265
7.003912,0.0223,-0.0080,-0.1257,0.128
7.020998,0.0409,-0.0820,-0.1541,0.179
7.037302,-0.0456,-0.0881,-0.1783,0.204
7.054812,-0.2864,-0.1389,-0.0590,0.324
7.071456,-0.5788,-0.1292,0.0366,0.594
7.088406,-0.3973,-0.3377,0.0810,0.528
7.104659,0.0651,-0.6423,0.0936,0.652
7.121681,0.0689,-0.3332,-0.0996,0.354
7.137830,0.0491,-0.0911,-0.1882,0.215
7.155238,-0.0522,-0.1473,-0.4455,0.472
7.172179,-0.1548,-0.3953,-0.1762,0.460
7.187827,-0.2156,-0.2350,-0.4735,0.571
7.205228,0.0837,-0.0308,-0.1984,0.218
7.221699,0.1762,0.1284,-0.1711,0.277
7.237937,-0.0940,0.0937,0.2870,0.316
7.256089,-0.2515,-0.0861,0.0788,0.277
7.273842,-0.0063,-0.3009,0.4008,0.501
7.288796,0.0217,-0.1889,0.2282,0.297
7.304639,0.2629,-0.2337,0.2012,0.405
7.321922,0.4190,-0.2577,0.2073,0.534
7.337959,0.2640,-0.0359,-0.1278,0.296
7.354389,-0.0144,0.1601,-0.0193,0.162
7.371260,-0.1707,0.0339,-0.4142,0.449
7.388708,-0.0956,-0.3218,-0.0582,0.341
7.404766,0.2103,-0.0532,0.0593,0.225
7.421539,0.5642,0.5291,0.2939,0.827
7.438816,0.6803,0.6715,0.3555,1.020
7.455892,0.5835,0.1557,0.2599,0.657
7.472956,0.3985,-0.1144,0.3765,0.560
7.489791,-0.0834,0.0585,0.2747,0.293
7.505570,-0.2279,0.2748,0.3344,0.489
7.522373,0.1253,0.2776,0.6692,0.735
7.538684,0.3926,0.2039,0.2698,0.518
7.555950,0.5772,-0.1339,0.2793,0.655
7.572374,0.4345,-0.4720,0.4118,0.762
7.590027,0.0661,-0.4568,0.0498,0.464
7.606431,-0.1870,-0.0770,0.3044,0.365
7.623496,-0.2698,0.4254,0.4628,0.684
7.639242,0.0695,0.2235,0.2595,0.349
7.657045,0.2534,-0.5238,-0.1885,0.612
7.672692,0.4680,-0.7995,-0.0785,0.930
7.690113,0.2363,-0.8480,-0.1564,0.894
7.706556,0.1666,-0.5379,-0.1697,0.588
7.724311,0.1311,-0.2648,-0.3107,0.429
7.740339,-0.2206,-0.4164,-0.3148,0.567
7.757601,-0.1722,-0.6049,-0.3715,0.730
7.775734,-0.1174,-0.7265,-0.1318,0.748
7.790013,0.0804,-0.2181,0.2269,0.325
7.806818,0.1065,0.2671,0.0086,0.288
7.823299,0.1620,-0.1391,-0.1301,0.250
7.840475,0.1584,-0.6264,-0.3884,0.754
7.857191,0.2413,-0.7641,-0.4300,0.909
7.873800,0.1907,-0.6456,-0.3700,0.768
7.891306,-0.1385,-0.4104,-0.4007,0.590
7.907270,-0.3479,-0.0266,-0.4044,0.534
7.924154,-0.0242,0.0846,0.0198,0.090
7.940457,0.0553,-0.0171,-0.0269,0.064
7.958127,-0.0058,-0.0309,-0.3950,0.396
7.974522,-0.0664,-0.2336,-0.2930,0.381
7.990673,-0.2961,-0.3187,-0.2875,0.521
8.007763,-0.2722,-0.3134,-0.3059,0.516
8.024763,-0.1338,0.0103,-0.0826,0.158
8.041397,-0.2355,0.1327,-0.0864,0.284
8.058206,-0.2478,0.0611,-0.3034,0.396
8.075055,-0.2492,-0.0824,-0.1674,0.311
8.092134,-0.1177,-0.0671,-0.1005,0.169
8.107639,-0.1483,0.0520,-0.3103,0.348
8.125450,0.0889,0.2065,-0.4783,0.529
8.141395,0.1284,0.1098,-0.6390,0.661
8.159297,0.0512,-0.0227,-0.3989,0.403
8.175047,-0.1922,0.1142,-0.2274,0.319
8.191909,-0.3476,0.3046,0.0513,0.465
8.208285,-0.3805,0.4216,0.1896,0.599
8.225045,-0.3102,0.5708,0.0420,0.651
8.241581,-0.0222,0.4879,-0.0809,0.495
8.258361,0.1384,0.0812,-0.2970,0.338
8.275113,0.0654,0.0968,-0.4891,0.503
8.293020,0.0794,0.2037,-0.3672,0.427
8.308880,-0.2201,0.3228,-0.3859,0.549
8.325201,-0.3563,0.3479,-0.4001,0.639
8.341516,-0.3797,0.5246,-0.2537,0.696
8.358720,-0.0725,0.5425,0.3010,0.625
8.375140,0.2201,0.5085,0.2985,0.629
8.392695,0.2375,0.1640,-0.1320,0.317
8.408896,0.3204,-0.2007,-0.0288,0.379
8.426122,0.2179,-0.2419,-0.2478,0.409
8.442833,0.1464,-0.1104,0.2106,0.279
8.460334,0.0733,0.4342,0.6625,0.796
8.476382,-0.0200,0.7900,0.2194,0.820
8.493312,-0.0123,0.2934,-0.1074,0.313
8.509456,0.1307,-0.0472,-0.1263,0.188
8.526833,0.0730,-0.0882,-0.0824,0.141
8.543833,-0.1373,-0.0263,-0.2442,0.281
8.560939,-0.2097,-0.1360,-0.1665,0.300
8.579272,-0.2972,0.0519,-0.5444,0.622
8.593549,-0.1527,0.2864,-0.3203,0.456
8.612307,-0.0268,0.4871,-0.1151,0.501
8.626434,0.0878,0.7502,-0.2215,0.787
8.642885,0.2499,0.5052,-0.3206,0.648
8.659976,0.3752,0.2388,-0.5547,0.711
8.676968,0.3701,-0.0985,-0.4835,0.617
8.693614,-0.0102,-0.2173,-0.3978,0.453
8.710082,-0.2066,-0.2151,-0.0472,0.302
8.727243,-0.5230,-0.1540,-0.1203,0.558
8.743489,-0.5809,-0.0969,-0.0345,0.590
8.760893,-0.5540,0.0454,0.3353,0.649
8.777614,-0.5381,0.0604,0.5133,0.746
8.795227,-0.6455,-0.0376,0.1500,0.664
8.810954,-0.6494,-0.1592,-0.0254,0.669
8.827313,-0.6817,-0.2678,-0.1833,0.755
8.844043,-0.6365,-0.2834,-0.1842,0.721
8.860305,-0.3595,-0.0816,-0.0659,0.375
8.878314,-0.0442,0.0309,-0.0265,0.060
8.895020,0.1277,-0.2195,-0.2467,0.354
8.910915,0.2423,-0.2869,-0.5594,0.674
8.927764,0.3782,-0.2600,-0.6338,0.783
8.944862,0.4195,-0.2921,-0.6206,0.804
8.961331,0.2970,-0.4765,-0.7520,0.938
8.978456,0.2963,-0.2198,-0.5982,0.703
8.994779,0.4606,0.1875,-0.0908,0.506
9.011235,0.5028,0.4529,-0.1024,0.684
9.028217,0.6909,0.1866,-0.1883,0.740
9.044851,0.3328,-0.1156,-0.6598,0.748
9.062564,0.1163,-0.2201,-0.2939,0.385
9.078061,0.1287,0.0384,-0.3822,0.405
9.095228,0.3506,0.0605,-0.3238,0.481
9.111745,0.4493,-0.0839,-0.3079,0.551
9.128408,0.3352,0.0067,-0.5791,0.669
9.145823,0.2499,-0.0781,-0.2154,0.339
9.162613,0.2558,0.1331,0.0562,0.294
9.178358,0.2881,0.1815,0.1738,0.382
9.195491,0.4268,0.2316,0.0910,0.494
9.211835,0.3714,0.2638,-0.0687,0.461
9.229286,0.3176,0.2409,-0.0387,0.401
9.246216,0.1845,-0.0235,-0.1514,0.240
9.262266,0.0528,-0.3153,-0.2924,0.433
9.278809,-0.1468,-0.2771,-0.2449,0.398
9.296639,-0.2615,-0.1062,0.0183,0.283
9.312133,-0.2105,0.0455,-0.0468,0.220
9.329372,-0.1278,0.0081,-0.2574,0.288
9.346184,0.0035,-0.0161,-0.3872,0.388
9.363080,0.0679,0.0871,-0.3191,0.338
9.379941,-0.0317,0.2286,-0.0983,0.251
9.397167,-0.3041,0.2783,0.0181,0.413
9.414255,-0.4665,0.2598,0.0167,0.534
9.430523,-0.4948,0.1594,-0.2074,0.560
9.446225,-0.4034,0.1149,-0.1844,0.458
9.463284,-0.2677,0.2394,-0.1285,0.381
9.479952,-0.1025,0.2112,-0.4624,0.519
9.498330,0.2976,0.0475,-0.6388,0.706
9.513648,0.3672,0.0280,-0.5349,0.649
9.530082,0.0649,0.1315,-0.2559,0.295
9.546947,-0.2999,-0.1624,-0.1923,0.392
9.564333,-0.4687,-0.3436,-0.2580,0.636
9.581985,-0.1726,-0.1443,0.0742,0.237
9.597310,-0.0504,0.0252,-0.0117,0.058
9.614063,0.1155,0.0388,-0.2971,0.321
9.631111,0.4031,-0.0022,-0.6539,0.768
9.647429,0.5989,-0.1051,-0.7916,0.998
9.665255,0.5394,-0.0509,-0.4731,0.719
9.680702,0.1542,-0.0871,-0.3644,0.405
9.698078,-0.1155,-0.0977,-0.0884,0.175
9.714984,-0.2662,0.1431,0.1858,0.355
9.730840,-0.1742,0.2711,0.2420,0.403
9.747437,-0.0907,0.0597,-0.1284,0.168
9.765370,0.0018,-0.2371,-0.3935,0.459
9.780712,0.1483,-0.4210,-0.4641,0.644
9.796987,0.1377,-0.3674,-0.4408,0.590
9.814666,0.0567,-0.2485,-0.0839,0.268
9.830758,-0.0711,0.1722,0.2272,0.294
9.847115,-0.1118,0.4877,0.3064,0.587
9.864396,-0.1941,0.2145,0.0942,0.304
9.880495,-0.1212,-0.3337,0.1369,0.380
9.898499,-0.1314,-0.4512,-0.0814,0.477
9.914640,-0.1585,-0.2663,-0.2875,0.423
9.932164,-0.0476,-0.1925,-0.4694,0.510
9.948436,0.0564,-0.1910,-0.3643,0.415
9.965209,0.0977,0.0823,-0.0049,0.128
9.981499,-0.1266,0.3755,0.1346,0.418
9.998810,-0.3707,0.1329,-0.1162,0.411
10.015167,-0.2874,-0.1873,-0.4173,0.540
10.032196,-0.0464,-0.2522,-0.6831,0.730
10.048764,0.0209,-0.2862,-0.5866,0.653
10.065345,-0.0521,-0.1227,-0.7698,0.781
10.082885,0.0583,0.0211,-0.7764,0.779
10.099374,0.1698,0.0379,-0.8770,0.894
10.115342,0.2057,0.0108,-0.7872,0.814
10.133167,0.1749,0.2518,-0.5124,0.597
10.149747,0.0526,0.4220,-0.3428,0.546
10.166178,0.1566,0.4122,-0.3093,0.539
10.184437,0.3330,0.1434,-0.4065,0.545
10.199581,0.3694,-0.0144,-0.7345,0.822
10.216445,0.3006,0.1514,-0.6497,0.732
10.233124,0.1098,0.2698,-0.7654,0.819
10.249751,0.0492,-0.0699,-0.7963,0.801
10.267734,0.0613,-0.0741,-0.8349,0.840
10.282811,0.0981,0.1837,-0.6996,0.730
10.300397,0.1536,0.3223,-0.3382,0.492
10.316484,0.0178,0.1972,-0.2948,0.355
10.332576,-0.0982,-0.0124,-0.4599,0.470
10.349621,-0.0502,-0.0743,-0.3160,0.329
10.367296,-0.0058,0.1290,-0.0893,0.157
10.383272,-0.0857,0.2628,-0.0383,0.279
10.400074,0.0204,0.1295,-0.3141,0.340
10.417165,0.3253,-0.0169,-0.3266,0.461
10.433537,0.3098,-0.0214,-0.4512,0.548
10.450133,0.2217,0.0672,-0.2279,0.325
10.467384,0.0395,0.1368,-0.1093,0.180
10.483653,0.0145,0.0628,0.0578,0.087
10.500784,-0.0141,-0.0007,0.0206,0.025
10.518056,-0.0629,0.0374,-0.1278,0.147
10.534061,0.0964,-0.0733,0.0308,0.125
10.550854,0.0814,-0.0204,-0.0841,0.119
10.568663,0.1075,-0.1232,0.0026,0.164
10.584532,-0.0527,-0.1354,-0.0214,0.147
10.601423,-0.1008,-0.0249,-0.0034,0.104
10.617824,0.1022,-0.0280,0.0781,0.132
10.634658,0.1585,0.0813,-0.0661,0.190
10.651300,0.2203,0.0004,0.4359,0.488
10.668635,0.0131,0.0328,0.2111,0.214
10.684992,-0.0365,-0.0881,0.2126,0.233
10.706316,-0.0812,-0.0145,0.1117,0.139
10.718145,-0.0543,0.0451,0.1446,0.161
10.735040,-0.0754,-0.0006,0.0735,0.105
10.751344,-0.1563,0.0091,-0.0742,0.173
10.769134,-0.2898,-0.0524,0.0217,0.295
10.785950,-0.3161,-0.0571,0.1267,0.345
10.804539,-0.2367,-0.1569,-0.0201,0.285
10.818358,-0.1023,-0.1728,-0.1101,0.229
10.835048,-0.0238,-0.0995,-0.1255,0.162
10.851753,0.0829,-0.0688,-0.1016,0.148
10.868985,0.0167,-0.0892,-0.2402,0.257
10.885782,-0.0407,0.0723,-0.0510,0.097
10.902512,-0.1408,0.1913,0.1198,0.266
10.918828,-0.1467,0.1764,0.0768,0.242
10.936424,-0.0847,0.0238,-0.0789,0.118
10.953675,0.0447,-0.0947,-0.2444,0.266
10.969725,0.2575,-0.1856,-0.2482,0.403
10.986055,0.2991,-0.2685,-0.2855,0.493
11.003086,0.2526,-0.0990,-0.0108,0.272
11.020248,0.1319,-0.0422,0.2175,0.258
11.036122,0.0232,0.0527,0.0404,0.070
11.052468,-0.0018,-0.0981,0.0705,0.121
11.069533,0.0377,-0.0536,-0.0352,0.074
11.086572,0.1329,-0.0155,-0.0400,0.140
11.103360,0.1721,-0.0220,0.0175,0.174
11.119313,0.1348,0.0223,0.0026,0.137
11.135986,0.0010,0.0841,0.1162,0.143
11.152642,-0.1618,0.0155,0.2985,0.340
11.170036,-0.2446,0.0235,0.1406,0.283
11.186251,-0.1923,-0.0550,0.1032,0.225
11.203374,-0.1520,-0.0040,-0.0017,0.152
11.220277,-0.0221,0.0279,0.0461,0.058
11.236648,-0.0443,0.0270,-0.1301,0.140
11.253221,-0.0791,-0.0432,-0.0728,0.116
11.271496,-0.1186,0.0222,-0.0114,0.121
11.287121,-0.0972,0.0659,0.0267,0.120
11.303268,-0.0462,0.0730,-0.2023,0.220
11.320096,0.0890,0.0711,-0.0785,0.138
11.336867,0.1296,0.1224,-0.0600,0.188
11.353759,0.1184,0.0476,-0.0308,0.131
11.369963,0.0448,0.0957,-0.1601,0.192
11.388603,0.0231,0.0363,-0.0927,0.102
11.404081,0.0263,0.0217,-0.0068,0.035
11.421821,-0.0396,0.1399,0.0108,0.146
11.437887,-0.0571,0.1023,0.1254,0.172
11.453935,-0.1289,0.0725,-0.0032,0.148
11.471382,-0.1375,-0.0458,-0.0496,0.153
11.488297,-0.0686,-0.0969,-0.0775,0.142
11.505568,0.0111,-0.0056,-0.0596,0.061
11.522075,0.0614,0.1060,0.0537,0.134
11.537707,0.0347,0.2344,-0.0285,0.239
11.555023,0.0393,0.2024,-0.0286,0.208
11.571614,0.0127,-0.0541,-0.0166,0.058
11.588608,-0.1644,-0.2490,0.0186,0.299
11.607302,-0.2570,-0.1397,0.1656,0.336
11.621415,-0.1805,0.0113,0.1875,0.261
11.638598,-0.0513,0.1328,0.0768,0.162
11.654925,0.0752,0.1737,0.0673,0.201
11.672035,0.0591,0.0584,0.0728,0.110
11.688788,-0.0484,-0.0050,0.0544,0.073
11.706845,-0.1452,-0.0599,0.0168,0.158
11.721970,-0.1761,-0.2689,-0.1720,0.365
11.738474,-0.1112,-0.3190,-0.2336,0.411
11.754964,-0.0144,-0.0698,-0.1788,0.192
11.771733,0.0694,0.1246,0.0624,0.156
11.788492,0.1365,0.2088,0.1715,0.303
11.804856,0.1398,0.1374,0.1051,0.222
11.823268,0.1134,-0.0446,-0.0931,0.153
11.838615,-0.0192,-0.2384,-0.3205,0.400
11.855103,-0.1161,-0.3358,-0.3667,0.511
11.873255,0.0142,-0.1866,-0.2300,0.297
11.889285,0.1436,0.0405,-0.0656,0.163
11.906303,0.1827,0.2228,0.1188,0.312
11.924254,0.1451,0.2089,0.2287,0.342
11.939434,0.1011,-0.0324,0.0830,0.135
11.956258,0.0601,-0.5353,0.2449,0.592
11.973158,-0.1286,-0.3074,0.0855,0.344
11.989323,-0.1301,-0.2227,0.3999,0.476
12.008012,-0.1010,0.0690,0.2063,0.240
12.024342,0.0384,0.1806,0.1624,0.246
12.040068,0.0707,0.1253,-0.0281,0.147
12.056452,0.0804,-0.0552,-0.0262,0.101
12.073916,-0.0453,-0.1442,-0.0392,0.156
12.090106,-0.2169,-0.1079,-0.0393,0.245
12.106859,-0.2738,0.0057,-0.0113,0.274
12.123932,-0.2345,-0.0467,-0.0301,0.241
12.140975,-0.0556,0.0212,-0.1648,0.175
12.157512,0.0639,0.1208,-0.2130,0.253
12.174113,0.0625,0.1583,-0.1031,0.199
12.191259,0.1098,0.1777,-0.0220,0.210
12.207235,0.0987,0.0867,-0.0166,0.132
12.225045,0.0661,0.0132,-0.0018,0.067
12.240843,0.0360,-0.0130,-0.1256,0.131
12.257752,0.0358,-0.0481,-0.1583,0.169
12.273734,0.0436,-0.0628,-0.1725,0.189
12.290612,0.1433,-0.0682,-0.0057,0.159
12.307432,0.1909,0.0807,-0.0741,0.220
12.324294,0.2396,0.1375,0.0017,0.276
12.340579,0.1662,0.0797,0.0119,0.185
12.357205,0.0726,-0.0258,-0.1208,0.143
12.375504,-0.0508,-0.1211,-0.1291,0.184
12.391136,-0.1388,-0.0879,0.0848,0.185
12.409117,-0.1942,-0.0284,0.1317,0.236
12.424853,-0.2001,-0.0420,0.0700,0.216
12.441493,-0.0939,0.0494,0.0449,0.115
12.457834,0.0845,0.1852,0.1492,0.252
12.474421,0.0963,0.2044,0.0969,0.246
12.491479,0.0149,0.0507,0.0075,0.053
12.508388,-0.0434,-0.1719,0.0669,0.190
12.525037,-0.2022,-0.1141,-0.1436,0.273
12.541775,-0.1854,-0.1191,-0.1054,0.244
12.558138,-0.1119,0.0247,-0.0255,0.117
12.575154,0.0199,0.1547,0.1352,0.206
12.592408,-0.0007,0.1710,0.2118,0.272
12.608423,-0.0339,0.1043,0.1313,0.171
12.625399,0.0290,0.0106,0.0275,0.041
12.642060,0.0273,0.0162,-0.0058,0.032
12.658615,-0.0581,-0.0274,-0.2108,0.220
12.675673,-0.0484,-0.0876,-0.3004,0.317
12.692315,-0.0561,0.0244,-0.1251,0.139
12.709909,-0.0520,0.0727,0.0416,0.099
12.725805,0.0854,0.0651,0.0701,0.128
12.742554,0.1471,-0.0148,0.0227,0.150
12.758571,0.0648,-0.0135,0.0753,0.100
12.775405,0.0024,0.0050,0.0705,0.071
12.792553,0.0073,-0.0675,0.0566,0.088
12.809269,0.0050,-0.0445,-0.0299,0.054
12.826177,-0.1284,0.0166,-0.0259,0.132
12.842521,-0.2648,-0.0056,0.0316,0.267
12.859233,-0.2642,-0.0776,0.0802,0.287
12.876269,-0.1365,-0.1635,0.0188,0.214
12.892756,0.0991,-0.1996,-0.0045,0.223
12.910009,0.2100,-0.0623,0.0467,0.224
12.926784,0.1269,0.0576,0.1026,0.173
12.944270,0.0151,0.1385,0.1545,0.208
12.959180,-0.1182,0.0732,0.1744,0.223
12.976384,-0.1983,-0.0095,0.0844,0.216
12.992956,-0.1666,-0.1434,-0.0766,0.233
13.010470,-0.0903,-0.2845,-0.2468,0.387
13.026935,-0.0139,-0.1567,-0.2049,0.258
13.043449,0.0741,0.0704,-0.0398,0.110
13.059953,0.0945,0.0921,0.1221,0.180
13.077067,0.0481,0.0746,0.0982,0.132
13.094503,-0.0383,-0.0730,0.0188,0.085
13.110507,-0.0962,-0.1919,-0.0372,0.218
13.127619,-0.0368,-0.1381,-0.0280,0.146
13.144016,0.1225,0.0415,-0.0154,0.130
13.161284,0.1613,0.0891,-0.0634,0.195
13.177927,0.1336,0.1134,-0.0922,0.198
13.194592,0.0475,0.0507,-0.0252,0.074
13.211507,-0.0638,-0.0695,-0.0955,0.134
13.227975,0.0537,-0.0199,-0.1244,0.137
13.244757,0.2077,-0.0069,-0.1865,0.279
13.260398,0.3029,-0.0035,-0.2147,0.371
13.277468,0.2171,-0.0132,-0.0958,0.238
13.294995,-0.0145,-0.1241,0.0387,0.131
13.310572,-0.1824,-0.1148,0.0769,0.229
13.328545,-0.1867,0.0595,0.1229,0.231
13.345001,-0.0972,0.0208,0.3097,0.325
13.361641,-0.0956,0.1835,-0.0637,0.217
13.378679,-0.0471,-0.1026,-0.1182,0.163
13.395632,-0.0532,-0.1364,-0.2274,0.270
13.411862,-0.0538,-0.0702,-0.1419,0.167
13.429860,-0.0288,0.1189,0.0138,0.123
13.445523,0.0344,0.2052,0.1033,0.232
13.461625,0.1104,0.1214,0.2427,0.293
13.478534,0.0642,0.0783,0.1480,0.179
13.495993,0.0624,-0.1018,0.2927,0.316
13.512319,-0.1106,-0.0628,-0.0604,0.141
13.528573,-0.1099,-0.1010,-0.0692,0.164
13.546377,-0.1412,-0.0002,-0.0799,0.162
13.562258,-0.0570,0.1031,-0.0328,0.122
13.580345,0.0435,0.1805,-0.0526,0.193
13.596845,-0.0046,0.0999,-0.0327,0.105
13.612657,-0.0342,0.0204,-0.0270,0.048
13.631425,0.0105,0.0008,-0.0460,0.047
13.646614,-0.0226,-0.1034,-0.1215,0.161
13.663517,-0.0034,-0.1060,-0.1458,0.180
13.679226,-0.0779,-0.0452,-0.1274,0.156
13.695823,-0.0622,0.0195,0.0298,0.072
13.713674,-0.0167,0.1091,0.1003,0.149
13.732413,-0.0068,0.1568,0.0430,0.163
13.746363,-0.0019,0.1117,-0.0192,0.113
13.762624,0.0930,0.1006,-0.0665,0.152
13.779516,0.1993,0.1427,-0.0574,0.252
13.796412,0.1745,0.1369,0.0863,0.238
13.812704,0.0124,0.0819,0.0722,0.110
13.831799,0.0180,-0.0440,0.0066,0.048
13.847094,0.1015,-0.1808,0.0125,0.208
13.863592,-0.0154,-0.1108,-0.0643,0.129
13.880856,-0.0858,0.0570,0.1347,0.170
13.896725,-0.1917,0.0263,0.0819,0.210
13.914309,-0.1626,-0.0574,0.0448,0.178
13.930459,-0.0360,-0.0079,0.0873,0.095
13.947305,0.0466,0.0615,0.0149,0.079
13.964264,0.0614,-0.0255,-0.0509,0.084
13.981270,0.0634,-0.0670,-0.1892,0.211
13.997452,0.1021,-0.0194,-0.1087,0.150
14.014407,-0.0111,-0.0205,-0.0756,0.079
14.030834,-0.0329,-0.0612,0.0581,0.091
14.048092,-0.0170,0.0110,0.1101,0.112
14.064093,-0.0758,0.0368,0.1192,0.146
14.081038,-0.0006,0.0919,0.0044,0.092
14.098120,0.1689,-0.0640,-0.1661,0.245
14.115217,0.1842,-0.0505,-0.2948,0.351
14.131087,0.1568,0.0658,-0.0956,0.195
14.148757,0.1094,0.1570,-0.1059,0.219
14.165071,0.1363,0.0556,-0.1245,0.193
14.182622,0.1752,-0.0028,-0.1857,0.255
14.197981,0.1368,-0.0294,-0.1142,0.181
14.216311,0.0124,0.0670,-0.0486,0.084
14.231387,-0.0317,0.0912,-0.0724,0.121
14.249368,-0.0563,-0.0406,-0.2097,0.221
14.264377,-0.0082,-0.0833,-0.2851,0.297
14.281853,-0.0859,-0.0260,-0.3331,0.345
14.297697,0.0141,0.0810,-0.2046,0.220
14.315517,-0.0279,0.1171,-0.4289,0.445
14.331263,0.1046,0.0627,-0.5845,0.597
14.349397,0.1069,0.1239,-0.7223,0.741
14.365285,-0.0074,-0.0160,-0.9106,0.911
14.382556,0.0545,-0.0235,-0.8799,0.882
14.398740,-0.1094,-0.0080,-0.8547,0.862
14.415947,-0.2147,0.0731,-0.7107,0.746
14.434762,-0.1882,0.2438,-0.5770,0.654
14.449164,-0.2720,0.0527,-0.5027,0.574
14.465792,-0.0613,-0.0360,-0.4148,0.421
14.482311,0.0681,0.0028,-0.6528,0.656
14.499239,0.2240,0.0644,-0.6089,0.652
14.515980,0.1780,0.1204,-0.7083,0.740
14.535048,0.0477,0.0692,-0.7726,0.777
14.549475,-0.2211,-0.0740,-0.8973,0.927
14.565873,-0.5816,-0.2078,-0.9604,1.142
14.583360,-0.6717,-0.2887,-0.6283,0.964
14.599699,-0.5956,-0.0370,-0.4005,0.719
14.616400,-0.3570,0.2267,-0.6787,0.800
14.636961,0.0154,0.1234,-0.8247,0.834
14.651025,0.0176,0.0308,-1.1415,1.142
14.666623,-0.1968,-0.2075,-1.0652,1.103
14.683897,-0.3684,-0.3499,-0.6761,0.846
14.701137,-0.3673,0.0109,-0.6942,0.785
14.717249,-0.1884,0.1753,-0.3092,0.402
14.732883,-0.1508,0.2894,-0.0673,0.333
14.749749,-0.0252,0.1663,0.1052,0.198
14.766753,0.0522,0.0219,-0.3516,0.356
14.783401,0.1240,-0.1352,-0.4781,0.512
14.799802,0.0223,-0.0955,-0.6543,0.662
14.816632,0.0637,-0.2244,-0.6342,0.676
14.834342,0.1298,-0.2985,-0.4668,0.569
14.851609,0.2260,-0.2718,-0.4070,0.539
14.867065,0.1406,-0.1877,-0.7057,0.744
14.883943,0.2376,-0.0116,-0.6318,0.675
14.900343,0.1542,-0.1472,-0.7743,0.803
14.917877,-0.0888,-0.1351,-0.8269,0.843
14.934342,-0.2319,0.0340,-0.6512,0.692
14.950967,-0.2595,0.2604,-0.4764,0.602
14.968297,-0.1305,0.3041,-0.2099,0.392
14.984351,-0.1618,0.2002,-0.3282,0.417
15.001370,-0.0959,-0.0334,-0.2685,0.287
15.018291,0.0832,-0.0832,-0.0775,0.141
15.035237,0.0031,0.0939,-0.4846,0.494
15.051843,0.0319,-0.1044,-0.3542,0.371
15.068419,-0.1333,-0.1832,-0.5213,0.568
15.084977,0.0711,0.2760,-0.5599,0.628
15.101487,0.4599,0.3790,-0.3416,0.687
15.118959,0.8614,0.0873,-0.4543,0.978
15.135071,0.8072,-0.2882,-0.8033,1.175
15.153027,0.4279,-0.3956,-0.5565,0.806
15.168505,-0.2021,-0.1374,-0.1567,0.290
15.185072,-0.6045,0.1763,-0.0408,0.631
15.201741,-0.5368,0.3223,-0.0546,0.629
15.218683,0.0852,0.3047,-0.6016,0.680
15.234542,0.6499,-0.0533,-1.1624,1.333
15.252702,0.9271,-0.4624,-1.3012,1.663
15.268396,0.3317,-0.7737,-1.2114,1.475
15.284818,-0.2647,-0.5899,-0.4875,0.810
15.301991,-0.6647,-0.1902,-0.2448,0.733
15.318847,-0.5121,0.2746,0.0246,0.582
15.339495,-0.1352,0.3888,-0.1904,0.454
15.353414,0.4077,0.2408,-0.6403,0.796
15.369059,0.8055,-0.2130,-0.9268,1.246
15.386444,0.4750,-0.7338,-1.1301,1.429
15.402705,-0.0614,-0.7500,-0.7372,1.053
15.419920,-0.4011,-0.1608,-0.2750,0.512
15.440165,-0.2767,0.3828,0.0148,0.473
15.452916,-0.2022,0.1648,-0.4531,0.523
15.469218,0.3163,-0.3560,-0.4978,0.689
15.486581,0.4645,-0.2864,-0.9613,1.105
15.503057,0.4064,-0.4019,-0.6474,0.864
15.520476,0.1883,-0.2390,-0.5976,0.671
15.539073,-0.0213,-0.1581,-0.4559,0.483
15.553795,-0.1111,0.2732,-0.2887,0.413
15.569831,-0.1658,0.3542,-0.0707,0.397
15.587280,-0.3114,0.1677,-0.0726,0.361
15.603379,-0.3059,0.0148,-0.1176,0.328
15.620266,-0.4091,0.0333,-0.2511,0.481
15.637664,-0.5658,0.2598,-0.1725,0.646
15.653749,-0.6368,0.3011,0.0219,0.705
15.670452,-0.7323,0.1634,-0.0480,0.752
15.687258,-0.5056,0.0018,-0.1810,0.537
15.703672,-0.3385,0.0767,-0.2638,0.436
15.720706,-0.2329,-0.0172,-0.3442,0.416
15.737091,0.0766,-0.1924,-0.4366,0.483
15.753501,0.2394,-0.3270,-0.5274,0.665
15.769891,0.0242,-0.2708,-0.5800,0.641
15.787679,-0.0495,0.0219,-0.2670,0.272
15.803467,-0.2164,0.2166,-0.1683,0.349
15.820795,-0.3201,0.2139,-0.2744,0.473
15.837502,-0.2942,0.1067,-0.3467,0.467
15.854987,-0.0798,0.1492,-0.4202,0.453
15.871433,0.0278,0.0101,-0.6902,0.691
15.887646,-0.3757,-0.3176,-0.8815,1.009
15.904595,-0.5509,-0.0901,-0.3673,0.668
15.921427,-0.6363,0.3587,-0.0946,0.737
15.937755,-0.3436,0.6257,-0.1234,0.724
15.956587,0.0438,0.1465,-0.7364,0.752
15.971230,0.2763,-0.5176,-1.1452,1.287
15.988242,0.4068,-0.2491,-1.1320,1.228
16.005109,0.2949,-0.1917,-0.8026,0.876
16.022627,0.0351,-0.0498,-0.5123,0.516
16.038956,-0.0643,0.0475,-0.3118,0.322
16.055369,0.0656,0.1529,-0.5078,0.534
16.071733,0.2325,-0.1588,-0.7144,0.768
16.089806,0.3611,-0.4360,-0.7870,0.970
16.105577,0.4000,-0.6532,-0.8689,1.158
16.124412,0.4960,-0.4868,-0.7451,1.019
16.138666,0.3102,-0.2969,-0.5070,0.664
16.156099,0.0304,-0.1809,-0.3927,0.433
16.172278,0.0387,0.0787,-0.0372,0.095
16.189412,0.1156,0.1558,-0.0894,0.214
16.206397,0.3399,-0.1583,-0.5138,0.636
16.221930,0.5134,-0.8694,-0.8852,1.343
16.241070,0.3408,-0.8222,-0.5578,1.050
16.255514,0.1251,0.1831,0.0933,0.241
16.272484,-0.2532,0.7934,0.3547,0.905
16.289060,-0.3176,0.6369,0.2134,0.743
16.306117,-0.3127,-0.0650,-0.0135,0.320
16.322803,0.0769,-0.1551,0.2078,0.270
16.339917,0.1841,0.2234,0.2329,0.371
16.356466,0.0853,0.1995,0.1425,0.260
16.373059,-0.0562,-0.0605,-0.0418,0.093
16.390457,-0.3119,-0.4439,-0.1383,0.560
16.406368,-0.3103,-0.1191,0.2798,0.434
16.422847,-0.0390,0.3181,0.8168,0.877
16.439968,0.1809,0.1828,1.2345,1.261
16.457037,0.2724,-0.2889,0.6143,0.731
16.473500,0.2986,-0.7554,0.5518,0.982
16.489994,0.2536,-0.3744,0.6347,0.779
16.507671,0.0996,0.0994,1.0427,1.052
16.523721,-0.1706,0.3203,1.1307,1.187
16.540622,-0.1373,0.1836,0.9747,1.001
16.557522,-0.0871,-0.2386,0.9872,1.019
16.573369,-0.0887,-0.1644,1.1165,1.132
16.590903,0.2313,0.2687,1.4484,1.491
16.606988,0.2090,0.2786,1.2371,1.285
16.624470,0.1724,0.0900,0.8756,0.897
16.640999,-0.0140,0.0684,0.7683,0.771
16.658544,0.0867,0.1376,0.7625,0.780
16.673941,0.1077,0.2184,0.7144,0.755
16.690619,-0.1927,0.2822,0.8251,0.893
16.706989,-0.5385,0.4275,0.9200,1.149
16.724137,-0.6119,0.4868,1.0194,1.285
16.740814,0.0559,0.5820,1.7764,1.870
16.757610,0.0689,0.5138,1.4901,1.578
16.773779,-0.1555,0.1060,1.0827,1.099
16.790942,-0.5513,-0.3585,0.7568,1.003
16.807711,-0.6736,0.1152,0.7994,1.052
16.824562,-0.8003,0.6785,0.7364,1.282
16.843098,-0.3458,0.3128,1.1213,1.214
16.858601,-0.2471,-0.5291,0.6869,0.902
16.874985,-0.3428,-0.8212,0.6001,1.073
16.892045,-0.2206,-0.3500,0.7341,0.843
16.909478,0.0026,0.2394,1.3513,1.372
16.925352,0.0525,0.4571,0.9835,1.086
16.941563,-0.0250,0.1881,1.0080,1.026
16.959076,-0.0035,0.3494,0.9264,0.990
16.975484,0.0302,0.4075,1.5140,1.568
16.991976,0.1875,-0.0118,1.7333,1.743
17.008861,0.1812,-0.4086,1.0214,1.115
17.025884,0.2505,-0.4031,0.9626,1.073
17.044743,0.6634,-0.4080,0.8877,1.181
17.058996,0.4181,-0.1784,1.0816,1.173
17.075729,0.2112,0.2122,1.0542,1.096
17.093716,-0.1928,0.2884,1.0630,1.118
17.109824,0.0693,0.4476,1.0589,1.152
17.125956,0.0744,0.1122,0.9312,0.941
17.144624,0.0817,-0.2253,0.7673,0.804
17.161131,-0.0160,-0.1988,0.7338,0.760
17.176730,0.0919,0.4671,1.0323,1.137
17.192870,0.0700,0.9393,1.1076,1.454
17.209187,-0.0669,0.4070,0.5577,0.694
17.225752,0.0321,-0.4496,0.2073,0.496
17.243683,-0.0783,-0.7170,0.3010,0.782
17.259386,-0.0987,0.0200,0.5470,0.556
17.275899,0.0139,0.4904,0.4514,0.667
17.292829,0.0877,0.1464,0.6203,0.643
17.310870,0.0245,0.1844,0.5100,0.543
17.327454,-0.0433,0.0696,0.5876,0.593
17.343959,0.1029,0.1280,0.7780,0.795
17.360247,0.1990,0.5056,0.7647,0.938
17.377228,0.1288,0.1528,0.5283,0.565
17.393764,0.1758,-0.4219,0.3851,0.598
17.410782,0.0578,-0.0980,0.3828,0.399
17.427485,-0.0781,0.5083,0.8976,1.034
17.444639,-0.2151,0.8372,1.3614,1.613
17.461938,0.1309,1.3675,3.4546,3.718
17.546376,0.4744,-0.7697,-0.5692,1.068
17.561038,0.4367,-0.4955,0.6255,0.910
17.577904,0.2180,-0.0359,-0.7483,0.780
17.594583,-0.4872,0.2806,0.2987,0.637
17.610957,0.1822,-0.1617,-0.0500,0.249
17.627813,0.0264,0.1612,-0.2055,0.262
17.644505,0.0356,-0.0311,0.0823,0.095
17.662927,-0.0495,-0.0468,0.1062,0.126
17.678364,-0.1407,-0.0955,0.1260,0.212
17.694178,-0.1412,-0.0840,-0.1318,0.211
17.711048,0.0526,-0.1226,-0.0696,0.150
17.730324,0.1951,0.2157,-0.8503,0.899
17.744351,-0.1081,0.2343,-0.1970,0.325
17.761776,0.0310,0.0642,0.0716,0.101
17.777913,0.0115,-0.0033,0.0058,0.013
17.795615,-0.0028,-0.0368,0.0058,0.037
17.811861,-0.0078,-0.0128,0.0010,0.015
17.828038,0.0018,-0.0032,-0.0086,0.009
17.845939,-0.0078,0.0065,-0.0134,0.017
17.861987,-0.0126,-0.0030,-0.0086,0.016
17.878413,-0.0127,-0.0031,-0.0134,0.019
17.894846,-0.0079,-0.0032,-0.0086,0.012
17.911451,-0.0079,-0.0031,-0.0134,0.016
17.930217,-0.0126,0.0016,-0.0134,0.018
17.947950,-0.0078,0.0015,-0.0086,0.012
17.963179,-0.0126,-0.0080,-0.0038,0.015
17.980712,-0.0126,0.0015,-0.0038,0.013
17.996591,-0.0079,-0.0127,-0.0038,0.015
18.013187,-0.0078,0.0017,-0.0086,0.012
18.030822,-0.0078,0.0017,-0.0038,0.009
18.046648,-0.0128,0.0017,-0.0134,0.019
18.063596,-0.0081,-0.0031,-0.0086,0.012
18.079464,-0.0129,0.0017,-0.0134,0.019
18.096612,-0.0129,-0.0031,-0.0086,0.016
18.113005,-0.0034,0.0017,0.0010,0.004
18.130577,-0.0033,-0.0079,-0.0086,0.012
18.146704,-0.0033,0.0016,-0.0134,0.014
18.164839,-0.0081,-0.0078,0.0010,0.011
18.180849,-0.0081,0.0017,-0.0086,0.012
18.196363,-0.0081,-0.0031,-0.0086,0.012
18.213332,-0.0081,-0.0030,-0.0134,0.016
18.230459,-0.0034,-0.0079,0.0058,0.010
18.246600,-0.0081,-0.0031,-0.0086,0.012
18.265022,-0.0082,-0.0079,-0.0134,0.018
18.279990,-0.0034,-0.0032,-0.0086,0.010
18.297171,-0.0034,0.0015,-0.0086,0.009
18.313865,-0.0082,-0.0032,0.0010,0.009
18.331278,-0.0081,-0.0031,-0.0038,0.010
18.347009,-0.0035,-0.0032,-0.0038,0.006
18.364704,-0.0083,-0.0031,0.0010,0.009
18.381059,-0.0083,-0.0079,0.0058,0.013
18.397744,-0.0036,-0.0078,-0.0038,0.009
18.414623,-0.0085,-0.0031,0.0010,0.009
18.431121,-0.0038,-0.0078,-0.0038,0.009
18.447839,-0.0087,-0.0077,-0.0086,0.014
18.465218,-0.0040,-0.0029,0.0058,0.008
18.480814,0.0007,-0.0029,0.0058,0.006
18.498105,-0.0089,-0.0028,0.0010,0.009
18.514649,-0.0042,-0.0075,-0.0086,0.012
18.531410,-0.0042,-0.0075,0.0010,0.009
18.547856,-0.0043,-0.0075,-0.0038,0.009
18.564853,-0.0091,-0.0026,0.0058,0.011
18.581600,-0.0091,-0.0026,-0.0086,0.013
18.598138,0.0004,-0.0075,-0.0086,0.011
18.615358,-0.0092,-0.0074,-0.0038,0.012
18.631687,0.0003,-0.0027,-0.0038,0.005
18.648257,-0.0045,-0.0075,-0.0038,0.010
18.667572,-0.0046,-0.0027,-0.0038,0.007
18.681029,-0.0093,-0.0026,0.0010,0.010
18.698708,-0.0045,0.0023,-0.0038,0.006
18.714673,-0.0046,-0.0072,0.0010,0.009
18.731772,-0.0045,-0.0072,-0.0134,0.016
18.748498,0.0002,-0.0024,0.0058,0.006
18.765388,-0.0046,-0.0073,0.0010,0.009
18.782973,-0.0142,-0.0071,-0.0134,0.021
18.799683,-0.0045,0.0025,-0.0038,0.006
18.816151,-0.0044,-0.0070,-0.0086,0.012
18.832666,-0.0092,0.0026,-0.0134,0.016
18.850584,-0.0092,-0.0022,-0.0038,0.010
18.867032,-0.0043,-0.0069,-0.0086,0.012
18.882421,0.0052,0.0026,-0.0086,0.010
18.899555,-0.0043,-0.0069,-0.0038,0.009
18.916050,-0.0042,-0.0020,-0.0086,0.010
18.933982,-0.0090,0.0027,-0.0134,0.016
18.949720,-0.0042,-0.0068,-0.0086,0.012
18.966930,-0.0042,0.0028,0.0010,0.005
18.983315,-0.0184,-0.0068,-0.0086,0.021
19.000864,-0.0136,0.0025,-0.0086,0.016
19.017139,-0.0135,-0.0023,0.0010,0.014
19.033102,-0.0087,0.0024,-0.0038,0.010
19.049726,-0.0040,0.0072,-0.0086,0.012
19.067167,-0.0088,-0.0025,-0.0182,0.020
19.083779,-0.0088,0.0070,0.0010,0.011
19.100427,-0.0089,0.0023,-0.0134,0.016
19.117878,-0.0090,0.0070,-0.0086,0.014
19.134572,-0.0089,-0.0026,-0.0134,0.016
19.150254,-0.0185,0.0023,-0.0134,0.023
19.168746,-0.0136,-0.0025,-0.0134,0.019
19.183235,-0.0135,0.0070,-0.0086,0.017
19.200667,-0.0135,0.0021,-0.0086,0.016
19.216662,-0.0183,0.0021,-0.0086,0.020
19.234019,-0.0086,-0.0026,-0.0182,0.020
19.250459,-0.0087,-0.0073,-0.0182,0.021
19.267457,-0.0087,-0.0025,-0.0134,0.016
19.283880,-0.0088,0.0071,-0.0038,0.012
19.302143,-0.0183,-0.0023,-0.0134,0.023
19.317454,-0.0039,-0.0071,-0.0134,0.016
19.335575,-0.0134,0.0073,-0.0038,0.016
19.352243,-0.0133,-0.0023,-0.0038,0.014
19.368357,-0.0179,-0.0071,-0.0230,0.030
19.385294,-0.0132,-0.0023,-0.0134,0.019
19.401999,-0.0037,0.0025,0.0010,0.005
19.417734,-0.0180,-0.0024,-0.0182,0.026
19.434993,-0.0133,0.0024,-0.0086,0.016
19.451981,-0.0085,-0.0023,-0.0086,0.012
19.469222,-0.0180,0.0024,-0.0086,0.020
19.484715,-0.0180,0.0025,-0.0134,0.023
19.501609,-0.0133,0.0025,-0.0134,0.019
19.518041,-0.0085,0.0025,-0.0038,0.010
19.535917,-0.0131,0.0025,-0.0038,0.014
19.551604,-0.0131,-0.0024,-0.0086,0.016
19.568712,-0.0083,0.0022,-0.0086,0.012
19.585145,-0.0083,-0.0026,-0.0086,0.012
19.602491,-0.0130,-0.0025,-0.0086,0.016
19.618938,-0.0034,0.0023,0.0010,0.004
19.635831,-0.0083,-0.0026,-0.0038,0.009
19.652274,-0.0083,-0.0025,-0.0086,0.012
19.668463,-0.0177,0.0023,-0.0038,0.018
19.685178,-0.0034,-0.0073,0.0010,0.008
19.701765,-0.0083,-0.0169,-0.0086,0.021
19.718528,-0.0083,0.0022,-0.0086,0.012
19.735316,0.0013,-0.0025,-0.0038,0.005
19.752401,-0.0036,-0.0025,0.0010,0.004
19.769098,0.0012,-0.0073,0.0010,0.007
19.785884,-0.0036,0.0024,0.0058,0.007
19.802714,-0.0037,-0.0073,-0.0086,0.012
19.819494,-0.0037,-0.0074,-0.0038,0.009
19.836340,-0.0085,-0.0074,0.0058,0.013
19.852844,0.0011,-0.0027,-0.0086,0.009
19.869976,-0.0085,-0.0073,-0.0086,0.014
19.886363,-0.0132,-0.0025,0.0010,0.013
19.903283,0.0060,-0.0025,-0.0038,0.008
19.919834,-0.0035,-0.0026,-0.0038,0.006
19.939335,-0.0083,-0.0026,-0.0086,0.012
19.953769,-0.0082,-0.0027,-0.0038,0.009
19.970450,-0.0034,-0.0076,-0.0038,0.009
19.987515,-0.0082,-0.0028,-0.0134,0.016
20.004603,0.0013,-0.0028,-0.0134,0.014
20.019920,0.0013,-0.0077,0.0010,0.008
20.036911,-0.0036,-0.0075,0.0010,0.008
20.054081,-0.0084,-0.0122,-0.0038,0.015
20.072504,-0.0083,-0.0026,-0.0038,0.010
20.087093,-0.0082,-0.0026,-0.0038,0.009
20.104427,0.0012,-0.0121,-0.0038,0.013
20.120769,-0.0035,-0.0072,-0.0086,0.012
20.137589,0.0012,-0.0024,-0.0086,0.009
20.154247,-0.0084,-0.0072,-0.0086,0.014
20.172546,0.0011,-0.0023,-0.0038,0.005
20.188343,-0.0085,-0.0071,0.0058,0.012
20.203850,-0.0037,0.0026,-0.0038,0.006
20.221534,-0.0037,-0.0068,-0.0086,0.012
20.237202,-0.0038,-0.0020,-0.0038,0.006
20.254505,-0.0132,-0.0068,-0.0086,0.017
20.272758,-0.0078,-0.0019,-0.0038,0.009
20.287947,-0.0078,-0.0020,-0.0038,0.009
20.304854,-0.0030,-0.0015,0.0058,0.007
20.321349,-0.0030,-0.0068,-0.0086,0.011
20.338419,-0.0083,0.0076,-0.0086,0.014
20.354878,-0.0082,-0.0020,-0.0038,0.009
20.372880,-0.0081,-0.0020,-0.0086,0.012
20.388445,-0.0080,0.0028,-0.0086,0.012
20.405564,-0.0033,0.0029,-0.0086,0.010
20.422135,-0.0033,-0.0066,-0.0038,0.008
20.438417,-0.0080,-0.0017,-0.0230,0.024
20.455227,-0.0127,0.0031,-0.0134,0.019
20.472646,-0.0079,-0.0017,-0.0038,0.009
20.489299,-0.0077,0.0031,-0.0134,0.016
20.505528,-0.0124,0.0029,-0.0086,0.015
20.522430,-0.0077,0.0029,-0.0134,0.016
20.539507,-0.0078,-0.0067,-0.0038,0.011
20.555885,-0.0126,0.0029,-0.0182,0.022
20.572724,-0.0126,-0.0020,-0.0134,0.018
20.591233,-0.0125,0.0076,-0.0086,0.017
20.606546,-0.0125,0.0027,-0.0134,0.019
20.622760,-0.0172,-0.0020,-0.0086,0.019
20.639209,-0.0123,0.0028,-0.0182,0.022
20.655611,-0.0074,-0.0019,-0.0038,0.009
20.672676,-0.0074,-0.0019,-0.0182,0.020
20.689226,-0.0073,0.0029,-0.0038,0.009
20.705588,-0.0074,0.0030,-0.0182,0.020
20.722368,-0.0169,0.0030,-0.0134,0.022
20.739405,-0.0121,-0.0018,-0.0134,0.018
20.756282,-0.0074,0.0029,-0.0182,0.020
20.773587,-0.0122,0.0031,-0.0182,0.022
20.789859,-0.0074,0.0079,-0.0086,0.014
20.807332,-0.0114,-0.0017,-0.0134,0.018
20.823867,-0.0113,0.0032,-0.0086,0.015
20.841042,-0.0118,0.0080,-0.0134,0.020
20.856872,-0.0023,0.0031,-0.0086,0.009
20.874248,-0.0022,-0.0018,-0.0038,0.005
20.890436,-0.0292,0.0073,-0.0086,0.031
20.906992,0.0188,0.0116,0.0243,0.033
20.923860,-0.0133,0.0096,0.0052,0.017
20.940775,-0.0117,-0.0249,-0.0181,0.033
20.957793,0.0137,-0.0157,-0.0181,0.028
20.975841,-0.0065,-0.0153,-0.0276,0.032
20.990681,-0.0060,-0.0095,-0.0133,0.017
21.007656,-0.0249,0.0107,0.0052,0.028
